<?xml version="1.0" encoding="ISO-8859-1"?>
<!-- ===================================================================== -->
<!-- This file contains the default descriptor for web applications. -->
<!-- - - - - - - - - - - - - - - - - - - - - - - - - - - - - - - - - - - 
        - -->
<!-- The intent of this descriptor is to include jetty specific or common -->
<!-- configuration for all webapps. If a context has a webdefault.xml -->
<!-- descriptor, it is applied before the contexts own web.xml file -->
<!-- -->
<!-- A context may be assigned a default descriptor by: -->
<!-- + Calling WebApplicationContext.setDefaultsDescriptor -->
<!-- + Passed an arg to addWebApplications -->
<!-- -->
<!-- This file is used both as the resource within the jetty.jar (which is -->
<!-- used as the default if no explicit defaults descriptor is set) and it -->
<!-- is copied to the etc directory of the Jetty distro and explicitly -->
<!-- by the jetty.xml file. -->
<!-- -->
<!-- ===================================================================== -->
<web-app xmlns="http://java.sun.com/xml/ns/javaee" xmlns:xsi="http://www.w3.org/2001/XMLSchema-instance" xsi:schemaLocation="http://java.sun.com/xml/ns/javaee http://java.sun.com/xml/ns/javaee/web-app_3_1.xsd" metadata-complete="true" version="3.1">
  <ordering>
    <before>
      <others/>
    </before>
  </ordering>
  <description>
                Default web.xml file.
                This file is applied to a Web
                application before it's own WEB_INF/web.xml
                file
  </description>
  <filter>
    <filter-name>RateLimitFilter</filter-name>
    <filter-class>com.yahoo.athenz.container.filter.RateLimitFilter</filter-class>
    <async-supported>true</async-supported>
  </filter>
  <filter-mapping>
    <filter-name>RateLimitFilter</filter-name>
    <url-pattern>/*</url-pattern>
  </filter-mapping>
</web-app>
