<?xml version="1.0" encoding="UTF-8" ?>
<configuration scan="true">
  <property name="LOG_DIR" value="/var/log/zts_server" />

  <appender name="SERVER" class="ch.qos.logback.core.ConsoleAppender">
    <!-- encoders are assigned the type
         ch.qos.logback.classic.encoder.PatternLayoutEncoder by default -->
    <encoder>
      <pattern>[ZTS-CLIENT] %d{HH:mm:ss.SSS} [%thread] %-5level %logger{36} - %msg%n</pattern>
    </encoder>
  </appender>

  <logger name="org.eclipse" level="INFO"/>

  <root>
    <level value="DEBUG" />
    <appender-ref ref="SERVER" />
  </root>
</configuration>
